{
    "mse": 0.8111680699974553,
    "rmse": 0.900648693996419,
    "mae": 0.6987876336741891,
    "r2": 0.18954222135718912,
    "mape": 37.88767399164149
}