{
    "mse": 0.8091620644370123,
    "rmse": 0.8995343597867801,
    "mae": 0.6934916488031881,
    "r2": 0.19154647037856243,
    "mape": 37.43283751916028
}