{
  "mse": 0.7412390257582784,
  "rmse": 0.8609523945946596,
  "mae": 0.6586026688855339,
  "r2": 0.2594100329154966,
  "mape": 35.36618135548913
}